dataset_id,source,language,platform,n_instances,n_classes,minority_pct,winner,winner_macro_f1,gap_to_2nd,spearman_AR,spearman_HARRIS
mlma_ar_hate_vs_normal,mlma,ar,twitter,2062,2,0.4437,tfidf_word_lr,0.7700273484891895,0.0008773405337588747,0.0545454545454545,0.7575757575757575
davidson_3way,davidson,en,twitter,3000,3,0.1,tfidf_char_svm,0.7232466889782334,0.00038447081942005745,0.8666666666666665,0.9151515151515152
davidson_hate_vs_not,davidson,en,twitter,3000,2,0.1,tfidf_char_svm,0.7339097196818715,0.020131904072139606,0.9151515151515152,0.9030303030303028
ethos_binary,ethos,en,mixed,998,2,0.4339,hatebert_lr,0.7647246211259722,0.007208686714611945,0.7818181818181817,0.7818181818181817
ethos_category_gender_vs_rest,ethos,en,mixed,433,2,0.1986,minilm_mlp,0.8674348689962084,0.03201991224555156,0.7454545454545454,0.9151515151515152
ethos_category_national_origin_vs_rest,ethos,en,mixed,433,2,0.1709,minilm_mlp,0.8924719480746909,0.019521302124198003,0.8060606060606059,0.9393939393939392
ethos_category_race_vs_rest,ethos,en,mixed,433,2,0.1755,minilm_mlp,0.9124604869768176,0.011927523678456065,0.8787878787878788,0.9636363636363636
ethos_category_religion_vs_rest,ethos,en,mixed,433,2,0.1871,minilm_lr,0.925509320983702,0.008659876761293539,0.7939393939393938,0.9393939393939392
hatecheck_en,hatecheck,en,unknown,3000,2,0.3127,minilm_mlp,0.9878482189780824,0.0027389283349800175,0.8181818181818182,0.8181818181818182
hateval_en_AG,hateval,en,twitter,3000,2,0.1773,tfidf_word_lr,0.6554668499574842,0.0006547662839331281,0.8303030303030302,0.8181818181818182
hateval_en_HS,hateval,en,twitter,3000,2,0.418,tfidf_char_svm,0.7198355512357488,0.0016273027158206776,0.8424242424242423,0.9030303030303028
hateval_en_TR,hateval,en,twitter,3000,2,0.1633,tfidf_word_lr,0.7616092683523176,0.015651173227148707,0.7454545454545454,0.7454545454545454
hatewic_all,hatewic,en,unknown,3000,2,0.4717,minilm_mlp,0.7051741741840816,0.006541342888437995,0.8666666666666665,0.7696969696969697
hatexplain_3way,hatexplain,en,mixed,3000,3,0.285,tfidf_word_lr,0.6086378532778789,0.013972423663891842,0.7696969696969697,0.8303030303030302
hatexplain_hate_vs_rest,hatexplain,en,mixed,3000,2,0.309,tfidf_word_lr,0.7854725828830033,0.003375188744329738,0.7939393939393938,0.8181818181818182
ihc_stg1_3way,ihc,en,twitter,3000,3,0.1,minilm_mlp,0.5341813592163727,0.016611878457079232,0.9151515151515152,0.9151515151515152
ihc_stg1_binary,ihc,en,twitter,3000,2,0.381,minilm_mlp,0.6824856451438837,0.0005386612617694908,0.9515151515151514,0.9515151515151514
ihc_stg1_explicit_vs_not,ihc,en,twitter,3000,2,0.1,minilm_mlp,0.6933613281318636,0.0008829286020404226,0.9272727272727272,0.9393939393939392
ihc_stg1_implicit_vs_not,ihc,en,twitter,3000,2,0.348,tfidf_char_svm,0.6805487681802191,0.008536826528449115,0.9393939393939392,0.9393939393939392
ihc_stg2_6way,ihc,en,twitter,3000,6,0.1063,tfidf_char_svm,0.5419625167733332,0.012350658791885682,0.9030303030303028,0.9272727272727272
ihc_stg2_incitement_vs_rest,ihc,en,twitter,3000,2,0.2027,minilm_mlp,0.7216324853697963,0.015228896619494114,0.9515151515151514,1.0
ihc_stg2_inferiority_vs_rest,ihc,en,twitter,3000,2,0.1377,minilm_mlp,0.7093573727929867,0.021677361797630135,0.9272727272727272,0.9272727272727272
ihc_stg2_irony_vs_rest,ihc,en,twitter,3000,2,0.1273,minilm_mlp,0.7225681216120204,0.015475609350614206,0.7696969696969697,0.8424242424242423
ihc_stg2_stereotypical_vs_rest,ihc,en,twitter,3000,2,0.181,minilm_mlp,0.7216112853730963,0.0026347764184405653,0.8787878787878788,0.9272727272727272
ihc_stg2_threatening_vs_rest,ihc,en,twitter,3000,2,0.1063,hatebert_lr,0.7615427957722334,0.000446077612062723,0.7575757575757575,0.8303030303030302
ihc_stg2_white_grievance_vs_rest,ihc,en,twitter,3000,2,0.2453,minilm_mlp,0.744397010547716,0.0021012386846372966,0.7333333333333332,0.7212121212121211
ihc_target_black_vs_not,ihc,en,twitter,3000,2,0.2,tfidf_char_svm,0.8385982602951575,0.010853527277250308,0.8787878787878788,0.8787878787878788
ihc_target_immigrant_vs_not,ihc,en,twitter,3000,2,0.2,tfidf_char_svm,0.894286168966223,0.007166535798507567,0.9636363636363636,0.9151515151515152
ihc_target_jewish_vs_not,ihc,en,twitter,2655,2,0.2,minilm_mlp,0.9087885983654244,0.0042645548353529295,0.8787878787878788,0.8787878787878788
ihc_target_lgbt_vs_not,ihc,en,twitter,340,2,0.2,minilm_lr,0.9099805749805748,0.004848022348022396,0.7696969696969697,0.8909090909090909
ihc_target_muslim_vs_not,ihc,en,twitter,3000,2,0.2,tfidf_char_svm,0.8879942978881017,0.006759384058256379,0.9636363636363636,0.9878787878787878
mlma_en_hate_vs_normal,mlma,en,twitter,3000,2,0.313,minilm_mlp,0.714995071648759,0.0055808598249759145,0.709090909090909,0.7575757575757575
sbic_hf_group_targeted,sbic_hf,en,mixed,3000,2,0.492,minilm_mlp,0.718049048730357,0.01711170745209356,0.7575757575757575,0.7818181818181817
sbic_hf_offensive_gab,sbic_hf,en,gab,3000,2,0.3697,minilm_mlp,0.7295057201172539,0.006325390571342404,0.8787878787878788,0.7939393939393938
sbic_hf_offensive_reddit,sbic_hf,en,reddit,3000,2,0.268,tfidf_word_lr,0.6830620787136614,0.0009347877859215981,0.9151515151515152,0.9151515151515152
sbic_hf_offensive_stormfront,sbic_hf,en,stormfront,3000,2,0.336,minilm_mlp,0.7654727656145464,0.008144607728998943,0.8787878787878788,0.8545454545454544
sbic_hf_offensive_twitter,sbic_hf,en,twitter,3000,2,0.306,tfidf_word_lr,0.7369551367003033,0.0077428881941840055,0.8303030303030302,0.9151515151515152
sbic_hf_sex,sbic_hf,en,mixed,3000,2,0.1,minilm_mlp,0.7515452276367938,0.04244604009913733,0.7696969696969697,0.8545454545454544
sbic_offensive_binary,sbic,en,mixed,3000,2,0.4633,minilm_mlp,0.7478586631609996,0.005389982180059816,0.9030303030303028,0.8424242424242423
toxic_conversations_binary,toxic_conversations,en,unknown,3000,2,0.1,minilm_mlp,0.6820011552771887,0.01041615877829627,0.8909090909090909,0.9515151515151514
tweeteval_hate,tweet_eval,en,twitter,3000,2,0.4187,minilm_mlp,0.7229575592208161,0.01580120416163766,0.8909090909090909,0.9636363636363636
tweeteval_offensive,tweet_eval,en,twitter,3000,2,0.3297,minilm_mlp,0.6960677587164181,0.004970247007488715,0.9151515151515152,0.6727272727272726
ucb_hate_binary,measuring_hate_speech,en,mixed,3000,2,0.3753,tfidf_word_lr,0.7593185253485208,0.007639811226297866,0.7696969696969697,0.6969696969696969
ucb_target_identity_5way,measuring_hate_speech,en,mixed,3000,5,0.134,minilm_mlp,0.835810038445078,0.005850612833374402,0.9272727272727272,0.8909090909090909
hateval_es_AG,hateval,es,twitter,3000,2,0.326,tfidf_word_lr,0.7756515020203115,0.011215287879749125,-0.1515151515151515,0.7454545454545454
hateval_es_HS,hateval,es,twitter,3000,2,0.4147,tfidf_word_lr,0.781804122751951,0.006907956591427622,0.0545454545454545,0.9151515151515152
hateval_es_TR,hateval,es,twitter,3000,2,0.256,tfidf_word_lr,0.8447027368031146,0.020496504568634055,-0.0545454545454545,0.6848484848484848
mlma_fr_hate_vs_normal,mlma,fr,twitter,1358,2,0.3711,tfidf_word_lr,0.6239492236211388,0.028283728367749283,-0.3333333333333332,0.2242424242424242
hatebr_offensive_binary,hatebr,pt,unknown,3000,2,0.4967,tfidf_char_svm,0.8515510024870793,0.03759244356804747,0.3939393939393939,0.8060606060606059
hatebr_partyism_vs_rest,hatebr,pt,unknown,3000,2,0.1,tfidf_char_svm,0.8286515151323226,0.05754911563057441,0.8545454545454544,0.4303030303030302
