dataset_id,AR,MR,SW,RegressorOnP,RegressorOnR,Harris(lam=0.0),Harris(lam=0.25),Harris(lam=0.5),Harris(lam=0.75),Harris(lam=1.0),Harris,RandomBaseline
davidson_3way,0.0035689167340057447,0.0036073638159477505,0.0036073638159477505,0.0035689167340057447,7.689416388401149e-05,0.0,0.0035689167340057447,0.0035689167340057447,3.8447081942005745e-05,3.8447081942005745e-05,0.0035689167340057447,0.045284302210914965
davidson_hate_vs_not,0.006294298195111259,0.00830748860232522,0.00830748860232522,0.006294298195111259,0.0020131904072139607,0.006294298195111259,0.0020131904072139607,0.0020131904072139607,0.0020131904072139607,0.0020131904072139607,0.0020131904072139607,0.05596568316191244
ethos_binary,0.002883474685844778,0.002883474685844778,0.002883474685844778,0.002883474685844778,0.0036043433573059724,0.002883474685844778,0.002883474685844778,0.002883474685844778,0.002883474685844778,0.0036043433573059724,0.002883474685844778,0.05753107227222298
ethos_category_gender_vs_rest,0.0,0.0,0.0,0.0,0.0,0.0,0.0,0.0,0.0,0.0,0.0,0.04653679953996902
ethos_category_national_origin_vs_rest,0.0,0.0,0.0,0.0,0.0,0.0,0.0,0.0,0.0,0.0,0.0,0.03181511172513396
ethos_category_race_vs_rest,0.0,0.0,0.0,0.0,0.0,0.0,0.0,0.0,0.0,0.0,0.0,0.03054694494895096
ethos_category_religion_vs_rest,0.002597963028388062,0.002597963028388062,0.002597963028388062,0.0008659876761293539,0.0008659876761293539,0.0008659876761293539,0.0008659876761293539,0.0008659876761293539,0.0008659876761293539,0.0008659876761293539,0.0008659876761293539,0.0
hatebr_offensive_binary,0.006667944859102892,0.011392382491084107,0.011392382491084107,0.0,0.004724437631981215,0.004724437631981215,0.004724437631981215,0.004724437631981215,0.004724437631981215,0.004724437631981215,0.004724437631981215,0.018796221784023737
hatebr_partyism_vs_rest,0.009540894773239706,0.015295806336297147,0.015295806336297147,0.0,0.005754911563057441,0.0,0.005754911563057441,0.005754911563057441,0.005754911563057441,0.005754911563057441,0.005754911563057441,0.015045672335123727
hatecheck_en,0.0,0.0,0.0,0.0,0.0,0.0,0.0,0.0,0.0,0.0,0.0,0.00967412180800411
hateval_en_AG,0.003260148338814195,0.0031946717104208823,0.0031946717104208823,0.0,0.0031946717104208823,0.0031946717104208823,0.0031946717104208823,0.0031946717104208823,0.0,0.0,0.0031946717104208823,0.006389343420841765
hateval_en_HS,0.00016273027158206777,0.00032546054316413554,0.00016273027158206777,0.0005079548221055497,0.00032546054316413554,0.0005079548221055497,0.00032546054316413554,0.0005079548221055497,0.00032546054316413554,0.00032546054316413554,0.0005079548221055497,0.0015632108944084178
hateval_en_TR,0.0031302346454297413,0.0015651173227148707,0.0031302346454297413,0.004695351968144612,0.0031302346454297413,0.0031302346454297413,0.0031302346454297413,0.0031302346454297413,0.0031302346454297413,0.0036076815732860256,0.0031302346454297413,0.008326379860555034
hateval_es_AG,0.010309528954791291,0.006928175269675585,0.010309528954791291,0.0,0.0,0.0,0.0,0.0,0.0,0.0,0.0,0.01002220467109205
hateval_es_HS,0.010860090273966361,0.009269490312287621,0.010860090273966361,0.0,0.0,0.0,0.0,0.0,0.0,0.0,0.0,0.02248385692778134
hateval_es_TR,0.010075869437127839,0.007898527402142641,0.010075869437127839,0.0,0.0,0.0,0.0,0.0,0.0,0.0,0.0,0.01733448342459548
hatewic_all,0.0,0.0,0.0,0.0,0.0,0.0,0.0,0.0,0.0,0.0,0.0,0.01112648713270864
hatexplain_3way,0.004162350292210193,0.0027651079258210086,0.004162350292210193,0.004162350292210193,0.004162350292210193,0.004162350292210193,0.004162350292210193,0.004162350292210193,0.004162350292210193,0.004162350292210193,0.004162350292210193,0.011446241941955131
hatexplain_hate_vs_rest,0.0010993661893942352,0.0007618473149612615,0.0007618473149612615,0.0010993661893942352,0.0010993661893942352,0.0010993661893942352,0.0010993661893942352,0.0010993661893942352,0.0010993661893942352,0.0010993661893942352,0.0010993661893942352,0.0
ihc_stg1_3way,0.0,0.0,0.0,0.0034619746385294303,0.0,0.0016611878457079231,0.0,0.0,0.0,0.0,0.0,0.02603420063229061
ihc_stg1_binary,0.0,0.0,0.0,0.0,0.0,0.0,0.0,0.0,0.0,0.00019833349062898798,0.0,0.01252443597751901
ihc_stg1_explicit_vs_not,0.0,0.0,0.0,0.0,0.0,0.0,0.0,0.0,0.0,0.0,0.0,0.0067001266778905725
ihc_stg1_implicit_vs_not,0.00132836829936962,0.0021820509522145317,0.0021820509522145317,0.00132836829936962,0.00132836829936962,0.0021820509522145317,0.00132836829936962,0.00132836829936962,0.00132836829936962,0.00132836829936962,0.00132836829936962,0.0
ihc_stg2_6way,0.0012350658791885683,0.0024701317583771367,0.0024701317583771367,0.0012350658791885683,0.0012350658791885683,0.0012350658791885683,0.0012350658791885683,0.0012350658791885683,0.0012350658791885683,0.0012350658791885683,0.0012350658791885683,0.01775220225523507
ihc_stg2_incitement_vs_rest,0.0,0.0,0.0,0.0,0.0,0.0,0.0,0.0,0.0,0.0,0.0,0.006414760482125725
ihc_stg2_inferiority_vs_rest,0.0,0.0,0.0,0.0,0.0,0.0,0.0,0.0,0.0,0.0,0.0,0.027241164912171843
ihc_stg2_irony_vs_rest,0.0,0.0,0.0,0.0,0.0,0.0,0.0,0.0,0.0,0.0,0.0,0.029351914656157153
ihc_stg2_stereotypical_vs_rest,0.0,0.0,0.0,0.0,0.0,0.0,0.0,0.0,0.0,0.0,0.0,0.021454828558035554
ihc_stg2_threatening_vs_rest,0.0001784310448250892,0.0001784310448250892,0.0001784310448250892,0.0001784310448250892,0.0001338232836188169,0.0001784310448250892,0.0001784310448250892,0.0001784310448250892,0.0001784310448250892,0.0001784310448250892,0.0001784310448250892,0.019840081665503072
ihc_stg2_white_grievance_vs_rest,0.0,0.0,0.0,0.00021012386846372966,0.00021012386846372966,0.0,0.0,0.0,0.0,0.0,0.0,0.000630371605391189
ihc_target_black_vs_not,0.0010853527277250308,0.0021707054554500615,0.0021707054554500615,0.0010853527277250308,0.0010853527277250308,0.0010853527277250308,0.0010853527277250308,0.0010853527277250308,0.0010853527277250308,0.0010853527277250308,0.0010853527277250308,0.01129937831486778
ihc_target_immigrant_vs_not,0.0007166535798507567,0.0014333071597015135,0.0014333071597015135,0.0007166535798507567,0.0,0.0007166535798507567,0.0007166535798507567,0.0007166535798507567,0.0007166535798507567,0.0007166535798507567,0.0007166535798507567,0.04737590096592714
ihc_target_jewish_vs_not,0.0,0.0,0.0,0.0005427986991131007,0.0005427986991131007,0.0005427986991131007,0.0005427986991131007,0.0005427986991131007,0.0005427986991131007,0.0005427986991131007,0.0005427986991131007,0.04297687006170557
ihc_target_lgbt_vs_not,0.0014544067044067188,0.0014544067044067188,0.0014544067044067188,0.0004848022348022396,0.0009696044696044792,0.0009696044696044792,0.0009696044696044792,0.0009696044696044792,0.0009696044696044792,0.0009696044696044792,0.0009696044696044792,0.038086655345950036
ihc_target_muslim_vs_not,0.0006759384058256379,0.0013518768116512758,0.0013518768116512758,0.0006759384058256379,0.0,0.0006759384058256379,0.0006759384058256379,0.0006759384058256379,0.0006759384058256379,0.0006759384058256379,0.0006759384058256379,0.02036445217181824
mlma_ar_hate_vs_normal,0.008588379437273164,0.008500645383897276,0.008500645383897276,8.773405337588746e-05,0.0,0.0,0.0,0.0,0.0,0.0,0.0,0.01341735120502865
mlma_en_hate_vs_normal,0.0,0.0,0.0,0.0,0.005342883941949627,0.0,0.0,0.0005580859824975915,0.005342883941949627,0.005342883941949627,0.0005580859824975915,0.03201568680904393
mlma_fr_hate_vs_normal,0.01133436514423226,0.00572595640682202,0.01133436514423226,0.011216817474820484,0.0,0.005608408737410242,0.005608408737410242,0.0,0.0,0.0,0.0,0.0028283728367749284
sbic_hf_group_targeted,0.0,0.0,0.0,0.0,0.0,0.0,0.0,0.0,0.0,0.0,0.0,0.004225917317324046
sbic_hf_offensive_gab,0.0,0.0,0.0,0.0,0.0,0.0,0.0,0.0,0.0,0.0,0.0,0.0478592342388748
sbic_hf_offensive_reddit,0.00034787464550160017,0.00025439586690944037,0.00025439586690944037,0.00044135342409376,0.00044135342409376,0.00034787464550160017,0.00034787464550160017,0.00034787464550160017,0.00034787464550160017,0.00044135342409376,0.00034787464550160017,0.0106237764288453
sbic_hf_offensive_stormfront,0.0,0.0,0.0,0.0,0.0,0.0,0.0,0.0,0.0,0.0,0.0,0.04283962281816136
sbic_hf_offensive_twitter,0.0022743333060718405,0.0011608576471593302,0.0011608576471593302,0.0022743333060718405,0.0022743333060718405,0.0022743333060718405,0.0022743333060718405,0.0,0.0022743333060718405,0.0022743333060718405,0.0,0.018096966895369337
sbic_hf_sex,0.0,0.0,0.0,0.0,0.0,0.0,0.0,0.0,0.0,0.0,0.0,0.030753068687471585
sbic_offensive_binary,0.0,0.0,0.0,0.0,0.0,0.0,0.0,0.0,0.0,0.0,0.0,0.014285742827616642
toxic_conversations_binary,0.0,0.0,0.0,0.001041615877829627,0.0,0.0,0.0,0.0,0.0,0.0,0.0,0.0062496952669777615
tweeteval_hate,0.0,0.0,0.0,0.0,0.0,0.0,0.0,0.0,0.0,0.0,0.0,0.011060842913146362
tweeteval_offensive,0.0,0.0,0.0,0.0,0.005963234161423659,0.004100804385864664,0.004100804385864664,0.005963234161423659,0.005963234161423659,0.005963234161423659,0.005963234161423659,0.007006065698196995
ucb_hate_binary,0.0015279622452595732,0.0007639811226297866,0.0015279622452595732,0.00229194336788936,0.00229194336788936,0.00229194336788936,0.00229194336788936,0.00229194336788936,0.00229194336788936,0.00229194336788936,0.00229194336788936,0.009915938246762346
ucb_target_identity_5way,0.0,0.0,0.0,0.0,0.0,0.0,0.0,0.0,0.0,0.0,0.0,0.0011701225666748804
